name,ministry,category,state,benefit_summary,benefit_amount,application_url,official_portal,is_active,source_url,verified_at
Pradhan Mantri Jan Dhan Yojana,"Department of Financial Services, Ministry of Finance",Financial Aid,,"Zero-balance basic savings bank deposit account with RuPay debit card, accident insurance cover, and overdraft facility for financial inclusion","Accident insurance cover of Rs. 2 lakh (Rs. 1 lakh for accounts opened before 28.8.2018); overdraft facility up to Rs. 10,000",https://pmjdy.gov.in/,https://pmjdy.gov.in/,TRUE,https://pmjdy.gov.in/scheme,2026-09-14
National Pension System,"Department of Financial Services, Ministry of Finance (PFRDA)",Financial Aid,,"Voluntary defined-contribution pension account offering market-linked returns and tax benefits for retirement savings",Market-linked returns; tax deduction up to Rs. 2 lakh under Section 80CCD,https://enps.nsdl.com/,https://financialservices.gov.in/national-pension-system,TRUE,https://financialservices.gov.in/national-pension-system,2026-09-14
Pradhan Mantri Garib Kalyan Anna Yojana,"Department of Food and Public Distribution, Ministry of Consumer Affairs, Food and Public Distribution",Financial Aid,,Free additional foodgrains to NFSA ration card holders under Antyodaya Anna Yojana (AAY) and Priority Household (PHH) categories,"5 kg foodgrain per person per month, free of cost",https://dfpd.gov.in/pradhan-mantri-garib-kalyan-anna-yojana/en,https://dfpd.gov.in/pradhan-mantri-garib-kalyan-anna-yojana/en,TRUE,https://dfpd.gov.in/pradhan-mantri-garib-kalyan-anna-yojana/en,2026-09-14
One Nation One Ration Card,"Department of Food and Public Distribution, Ministry of Consumer Affairs, Food and Public Distribution",Financial Aid,,"Portability of NFSA ration card foodgrain entitlement, allowing beneficiaries to draw rations from any Fair Price Shop in India via Aadhaar/biometric authentication",As per existing ration card entitlement (AAY/PHH quota),https://mahafood.gov.in/en/scheme/one-nation-one-ration-card/,https://mahafood.gov.in/en/scheme/one-nation-one-ration-card/,TRUE,https://mahafood.gov.in/en/scheme/one-nation-one-ration-card/,2026-09-14
Ramai Awas Yojana,"Social Justice & Special Assistance Department, Government of Maharashtra",Housing,Maharashtra,Financial assistance for construction of a permanent house to homeless Scheduled Caste and Neo-Buddhist families,"Rs. 1.32 lakh (rural), Rs. 1.42 lakh (hilly/Naxal-affected), Rs. 2.50 lakh (urban/municipal areas), plus Rs. 12,000 for toilet construction",https://sjsa.maharashtra.gov.in/en/scheme/ramai-awas-yojana-rural-urban/,https://sjsa.maharashtra.gov.in/en/scheme/ramai-awas-yojana-rural-urban/,TRUE,https://sjsa.maharashtra.gov.in/en/scheme/ramai-awas-yojana-rural-urban/,2026-09-14
Sanjay Gandhi Niradhar Anudan Yojana,"Social Justice & Special Assistance Department, Government of Maharashtra",Financial Aid,Maharashtra,Monthly financial assistance (pension) to destitute persons, orphans, disabled individuals, and other vulnerable categories without means of support,"Rs. 1,500 per month",https://sas.mahait.org/,https://sjsa.maharashtra.gov.in/en/scheme/sanjay-gandhi-niradhar-anudan-yojana/,TRUE,https://sjsa.maharashtra.gov.in/en/scheme/sanjay-gandhi-niradhar-anudan-yojana/,2026-09-14
Manodhairya Yojana,"Women and Child Development Department, Government of Maharashtra",Financial Aid,Maharashtra,Financial assistance and rehabilitation support (shelter, medical, legal aid, counselling) to victims of rape, child sexual abuse, and acid attacks,Rs. 1 lakh to Rs. 10 lakh depending on severity of the case (as per revised 2024 Government Resolution),https://womenchild.maharashtra.gov.in/,https://womenchild.maharashtra.gov.in/,TRUE,https://legalservices.maharashtra.gov.in/scheme/revised-manodhairya-yojana-gr-dated-01st-january-2024/,2026-09-14
Lek Ladki Yojana,"Women and Child Development Department, Government of Maharashtra",Financial Aid,Maharashtra,Direct financial assistance to a girl child born in yellow/orange ration card families, disbursed in phases from birth until she turns 18,"Total Rs. 1,01,000 disbursed in phases from birth to age 18",https://womenchild.maharashtra.gov.in/,https://womenchild.maharashtra.gov.in/,TRUE,https://www.zpbeed.gov.in/en/scheme/lek-ladki-yojana/,2026-09-14
Namo Shetkari Mahasanman Nidhi Yojana,"Department of Agriculture, Government of Maharashtra",Agriculture,Maharashtra,Additional annual income support to PM-KISAN registered cultivable-landholding farmer families in Maharashtra,"Rs. 6,000 per year (Rs. 2,000 x 3 instalments), in addition to PM-KISAN's Rs. 6,000/year",https://nsmny.mahait.org/,https://nsmny.mahait.org/,TRUE,https://nsmny.mahait.org/,2026-09-14
